{"centro_titularidad":"PRIVADO","centro_reunion":"INSTITUTO VOX","centroide_x":439602.936,"centroide_y":4476838.755,"distancia_min":121.199}
{"centro_titularidad":"PRIVADO CONCERTADO","centro_reunion":"TEIDE II","centroide_x":440264.749,"centroide_y":4474293.581,"distancia_min":448.713}
{"centro_titularidad":"PÚBLICO","centro_reunion":"SANTA TERESA DE JESUS","centroide_x":440157.384,"centroide_y":4474481.944,"distancia_min":444.014}
{"centro_titularidad":"PÚBLICO-TITULARIDAD PRIVADA","centro_reunion":"ESCUELA DE FORMACION ESPEC. IMAGEN DIAG. HOSPITAL CLINICO SAN CARLOS","centroide_x":438924.0,"centroide_y":4479147.0,"distancia_min":2318.456}
